{"key":true#
{"key":false#
{"key":null#
{"key":123 #
{"key":123
#
{"key":123	#
{"key":-123 #
{"key":-123
#
{"key":-123	#
{"key":0.123 #
{"key":0.123
#
{"key":0.123	#
{"key":123.1 #
{"key":123.1
#
{"key":123.1	#
{"key":0.123456789e-12 #
{"key":0.123456789e-12
#
{"key":0.123456789e-12	#